{"listOfProposalUIModel":[{"proposalId":101,"clientName":"Wells Fargo","startDate":1557340200000,"endDate":1560018600000,"proposalName":"Core UI Tool & Services","requirement":"Application Modernization","region":"New York","status":"Won","uplodaedUser":null,"uploadedDate":null,"collateralUIModel":null},{"proposalId":103,"clientName":"Markit Group","startDate":1557340200000,"endDate":1560018600000,"proposalName":"FX Derivatives Remediation","requirement":"Architecture Design","region":"New York","status":"Lost","uplodaedUser":null,"uploadedDate":null,"collateralUIModel":null},{"proposalId":105,"clientName":"Asurion","startDate":1557340200000,"endDate":1560018600000,"proposalName":"Morgage","requirement":"UX & UI","region":"Singapore","status":"Won","uplodaedUser":null,"uploadedDate":null,"collateralUIModel":null},{"proposalId":106,"clientName":"DMT","startDate":1557340200000,"endDate":1560018600000,"proposalName":"FX Derivatives Remediation","requirement":"Compliance","region":"US Central","status":"Lost","uplodaedUser":null,"uploadedDate":null,"collateralUIModel":null},{"proposalId":133,"clientName":"Citi","startDate":1557340200000,"endDate":1560018600000,"proposalName":"NLP AIML Document Parsing","requirement":"Application Modernization","region":"Amsterdam","status":"In-Progress","uplodaedUser":null,"uploadedDate":null,"collateralUIModel":null},{"proposalId":165,"clientName":"HSBC","startDate":1559327400000,"endDate":1559673000000,"proposalName":"Test 66","requirement":"Testing","region":"Charlotte","status":"Won","uplodaedUser":null,"uploadedDate":null,"collateralUIModel":null},{"proposalId":166,"clientName":"HSBC","startDate":1559327400000,"endDate":1559932200000,"proposalName":"TEst","requirement":"TEst","region":"US Central","status":"Review","uplodaedUser":null,"uploadedDate":null,"collateralUIModel":null},{"proposalId":167,"clientName":"HSBC","startDate":1559327400000,"endDate":1559759400000,"proposalName":"TEst 77","requirement":"TEsting","region":"New York","status":"New","uplodaedUser":null,"uploadedDate":null,"collateralUIModel":null}],"totalCountOfProposals":3}