[{"clientName":"Asurion","won":1,"lost":0,"review":0,"inProgress":0,"newProposal":0,"totalProposals":1},{"clientName":"Citi","won":1,"lost":0,"review":0,"inProgress":1,"newProposal":0,"totalProposals":2},{"clientName":"DMT","won":0,"lost":1,"review":0,"inProgress":0,"newProposal":0,"totalProposals":1},{"clientName":"HSBC","won":1,"lost":1,"review":1,"inProgress":0,"newProposal":2,"totalProposals":5},{"clientName":"Markit Group","won":0,"lost":1,"review":0,"inProgress":2,"newProposal":0,"totalProposals":3},{"clientName":"Morhgan stanley","won":1,"lost":0,"review":0,"inProgress":0,"newProposal":0,"totalProposals":1},{"clientName":"Wells Fargo","won":2,"lost":0,"review":1,"inProgress":0,"newProposal":2,"totalProposals":5}]