[{"tagId":0,"tagName":"Machine Learning","tagCount":1,"collateralId":0,"tagColor":null,"mappingId":null,"weightage":null},{"tagId":0,"tagName":"blockchain","tagCount":1,"collateralId":0,"tagColor":null,"mappingId":null,"weightage":null},{"tagId":0,"tagName":"Data Architect","tagCount":1,"collateralId":0,"tagColor":null,"mappingId":null,"weightage":null},{"tagId":0,"tagName":"Pega Development","tagCount":1,"collateralId":0,"tagColor":null,"mappingId":null,"weightage":null},{"tagId":0,"tagName":"Deep learning","tagCount":1,"collateralId":0,"tagColor":null,"mappingId":null,"weightage":null},{"tagId":0,"tagName":"Mortgage","tagCount":1,"collateralId":0,"tagColor":null,"mappingId":null,"weightage":null},{"tagId":0,"tagName":"AI","tagCount":1,"collateralId":0,"tagColor":null,"mappingId":null,"weightage":null},{"tagId":0,"tagName":"Agile","tagCount":1,"collateralId":0,"tagColor":null,"mappingId":null,"weightage":null},{"tagId":0,"tagName":"Hive","tagCount":1,"collateralId":0,"tagColor":null,"mappingId":null,"weightage":null},{"tagId":0,"tagName":"Hadoop","tagCount":1,"collateralId":0,"tagColor":null,"mappingId":null,"weightage":null},{"tagId":0,"tagName":"Big Data","tagCount":1,"collateralId":0,"tagColor":null,"mappingId":null,"weightage":null},{"tagId":0,"tagName":"Scrum framework","tagCount":1,"collateralId":0,"tagColor":null,"mappingId":null,"weightage":null},{"tagId":0,"tagName":"Data science","tagCount":1,"collateralId":0,"tagColor":null,"mappingId":null,"weightage":null}]